{
  "project_info": {
    "project_number": "956535986840",
    "project_id": "safevault-3a7ef",
    "storage_bucket": "safevault-3a7ef.firebasestorage.app"
  },
  "client": [
    {
      "client_info": {
        "mobilesdk_app_id": "1:956535986840:android:dd7400f3d857994a078eed",
        "android_client_info": {
          "package_name": "com.example.safevault"
        }
      },
      "oauth_client": [
        {
          "client_id": "956535986840-m86oc99gk18vls354vf1kgkfh22rgs0p.apps.googleusercontent.com",
          "client_type": 1,
          "android_info": {
            "package_name": "com.example.safevault",
            "certificate_hash": "7fc1462f6f205ac19e04ec88a541eabc0c0eb9e0"
          }
        },
        {
          "client_id": "956535986840-05jcfnjmgass1vkomou9lap4snqeio62.apps.googleusercontent.com",
          "client_type": 3
        }
      ],
      "api_key": [
        {
          "current_key": "AIzaSyDuo0KHd8fOb9aQh21uWwV6cIGezqAcAP4"
        }
      ],
      "services": {
        "appinvite_service": {
          "other_platform_oauth_client": [
            {
              "client_id": "956535986840-05jcfnjmgass1vkomou9lap4snqeio62.apps.googleusercontent.com",
              "client_type": 3
            }
          ]
        }
      }
    }
  ],
  "configuration_version": "1"
}