{
  "project_info": {
    "project_number": "YOUR_PROJECT_NUMBER",
    "project_id": "YOUR_PROJECT_ID",
    "storage_bucket": "YOUR_PROJECT_ID.appspot.com"
  },
  "client": [
    {
      "client_info": {
        "mobilesdk_app_id": "YOUR_MOBILE_SDK_APP_ID",
        "android_client_info": {
          "package_name": "com.example.safevault"
        }
      },
      "oauth_client": [
        {
          "client_id": "YOUR_CLIENT_ID.apps.googleusercontent.com",
          "client_type": 3
        }
      ],
      "api_key": [
        {
          "current_key": "YOUR_API_KEY"
        }
      ],
      "services": {
        "appinvite_service": {
          "other_platform_oauth_client": [
            {
              "client_id": "YOUR_CLIENT_ID.apps.googleusercontent.com",
              "client_type": 3
            }
          ]
        }
      }
    }
  ],
  "configuration_version": "1"
}
